font-family,src
HarmonyOS_SansCondensedItalic_Black,../fonts/HarmonyOS_SansCondensedItalic_Black.ttf
HarmonyOS_SansCondensedItalic_Bold,../fonts/HarmonyOS_SansCondensedItalic_Bold.ttf
HarmonyOS_SansCondensedItalic_Light,../fonts/HarmonyOS_SansCondensedItalic_Light.ttf
HarmonyOS_SansCondensedItalic_Medium,../fonts/HarmonyOS_SansCondensedItalic_Medium.ttf
HarmonyOS_SansCondensedItalic_Regular,../fonts/HarmonyOS_SansCondensedItalic_Regular.ttf
HarmonyOS_SansCondensedItalic_Semibold,../fonts/HarmonyOS_SansCondensedItalic_Semibold.ttf
HarmonyOS_SansCondensedItalic_Thin,../fonts/HarmonyOS_SansCondensedItalic_Thin.ttf
HarmonyOS_SansItalic_Black,../fonts/HarmonyOS_SansItalic_Black.ttf
HarmonyOS_SansItalic_Bold,../fonts/HarmonyOS_SansItalic_Bold.ttf
HarmonyOS_SansItalic_Light,../fonts/HarmonyOS_SansItalic_Light.ttf
HarmonyOS_SansItalic_Medium,../fonts/HarmonyOS_SansItalic_Medium.ttf
HarmonyOS_SansItalic_Regular,../fonts/HarmonyOS_SansItalic_Regular.ttf
HarmonyOS_SansItalic_Semibold,../fonts/HarmonyOS_SansItalic_Semibold.ttf
HarmonyOS_SansItalic_Thin,../fonts/HarmonyOS_SansItalic_Thin.ttf
HarmonyOS_SansSC_Black,../fonts/HarmonyOS_SansSC_Black.ttf
HarmonyOS_SansSC_Bold,../fonts/HarmonyOS_SansSC_Bold.ttf
HarmonyOS_SansSC_Light,../fonts/HarmonyOS_SansSC_Light.ttf
HarmonyOS_SansSC_Medium,../fonts/HarmonyOS_SansSC_Medium.ttf
HarmonyOS_SansSC_Regular,../fonts/HarmonyOS_SansSC_Regular.ttf
HarmonyOS_SansSC_Semibold,../fonts/HarmonyOS_SansSC_Semibold.ttf
HarmonyOS_SansSC_Thin,../fonts/HarmonyOS_SansSC_Thin.ttf
HarmonyOS_SansTC_Black,../fonts/HarmonyOS_SansTC_Black.ttf
HarmonyOS_SansTC_Bold,../fonts/HarmonyOS_SansTC_Bold.ttf
HarmonyOS_SansTC_Light,../fonts/HarmonyOS_SansTC_Light.ttf
HarmonyOS_SansTC_Medium,../fonts/HarmonyOS_SansTC_Medium.ttf
HarmonyOS_SansTC_Regular,../fonts/HarmonyOS_SansTC_Regular.ttf
HarmonyOS_SansTC_Semibold,../fonts/HarmonyOS_SansTC_Semibold.ttf
HarmonyOS_SansTC_Thin,../fonts/HarmonyOS_SansTC_Thin.ttf
HarmonyOS_Sans_Black,../fonts/HarmonyOS_Sans_Black.ttf
HarmonyOS_Sans_Bold,../fonts/HarmonyOS_Sans_Bold.ttf
HarmonyOS_Sans_Condensed_Black,../fonts/HarmonyOS_Sans_Condensed_Black.ttf
HarmonyOS_Sans_Condensed_Bold,../fonts/HarmonyOS_Sans_Condensed_Bold.ttf
HarmonyOS_Sans_Condensed_Light,../fonts/HarmonyOS_Sans_Condensed_Light.ttf
HarmonyOS_Sans_Condensed_Medium,../fonts/HarmonyOS_Sans_Condensed_Medium.ttf
HarmonyOS_Sans_Condensed_Regular,../fonts/HarmonyOS_Sans_Condensed_Regular.ttf
HarmonyOS_Sans_Condensed_SemiBold,../fonts/HarmonyOS_Sans_Condensed_SemiBold.ttf
HarmonyOS_Sans_Condensed_Thin,../fonts/HarmonyOS_Sans_Condensed_Thin.ttf
HarmonyOS_Sans_Light,../fonts/HarmonyOS_Sans_Light.ttf
HarmonyOS_Sans_Medium,../fonts/HarmonyOS_Sans_Medium.ttf
HarmonyOS_Sans_Naskh_ArabicUI_Black,../fonts/HarmonyOS_Sans_Naskh_ArabicUI_Black.ttf
HarmonyOS_Sans_Naskh_ArabicUI_Bold,../fonts/HarmonyOS_Sans_Naskh_ArabicUI_Bold.ttf
HarmonyOS_Sans_Naskh_ArabicUI_Heavy,../fonts/HarmonyOS_Sans_Naskh_ArabicUI_Heavy.ttf
HarmonyOS_Sans_Naskh_ArabicUI_Light,../fonts/HarmonyOS_Sans_Naskh_ArabicUI_Light.ttf
HarmonyOS_Sans_Naskh_ArabicUI_Medium,../fonts/HarmonyOS_Sans_Naskh_ArabicUI_Medium.ttf
HarmonyOS_Sans_Naskh_ArabicUI_Regular,../fonts/HarmonyOS_Sans_Naskh_ArabicUI_Regular.ttf
HarmonyOS_Sans_Naskh_ArabicUI_SemiBold,../fonts/HarmonyOS_Sans_Naskh_ArabicUI_SemiBold.ttf
HarmonyOS_Sans_Naskh_ArabicUI_Thin,../fonts/HarmonyOS_Sans_Naskh_ArabicUI_Thin.ttf
HarmonyOS_Sans_Naskh_ArabicUI_UltraLight,../fonts/HarmonyOS_Sans_Naskh_ArabicUI_UltraLight.ttf
HarmonyOS_Sans_Naskh_Arabic_Black,../fonts/HarmonyOS_Sans_Naskh_Arabic_Black.ttf
HarmonyOS_Sans_Naskh_Arabic_Bold,../fonts/HarmonyOS_Sans_Naskh_Arabic_Bold.ttf
HarmonyOS_Sans_Naskh_Arabic_Heavy,../fonts/HarmonyOS_Sans_Naskh_Arabic_Heavy.ttf
HarmonyOS_Sans_Naskh_Arabic_Light,../fonts/HarmonyOS_Sans_Naskh_Arabic_Light.ttf
HarmonyOS_Sans_Naskh_Arabic_Medium,../fonts/HarmonyOS_Sans_Naskh_Arabic_Medium.ttf
HarmonyOS_Sans_Naskh_Arabic_Regular,../fonts/HarmonyOS_Sans_Naskh_Arabic_Regular.ttf
HarmonyOS_Sans_Naskh_Arabic_SemiBold,../fonts/HarmonyOS_Sans_Naskh_Arabic_SemiBold.ttf
HarmonyOS_Sans_Naskh_Arabic_Thin,../fonts/HarmonyOS_Sans_Naskh_Arabic_Thin.ttf
HarmonyOS_Sans_Naskh_Arabic_UltraLight,../fonts/HarmonyOS_Sans_Naskh_Arabic_UltraLight.ttf
HarmonyOS_Sans_Regular,../fonts/HarmonyOS_Sans_Regular.ttf
HarmonyOS_Sans_Semibold,../fonts/HarmonyOS_Sans_Semibold.ttf
HarmonyOS_Sans_Thin,../fonts/HarmonyOS_Sans_Thin.ttf
,
IBM Plex Sans Var-Italic,../fonts/IBM Plex Sans Var-Italic.ttf
IBM Plex Sans Var-Roman,../fonts/IBM Plex Sans Var-Roman.ttf
IBMPlexSansArabic-Bold,../fonts/IBMPlexSansArabic-Bold.ttf
IBMPlexSansArabic-ExtraLight,../fonts/IBMPlexSansArabic-ExtraLight.ttf
IBMPlexSansArabic-Light,../fonts/IBMPlexSansArabic-Light.ttf
IBMPlexSansArabic-Medium,../fonts/IBMPlexSansArabic-Medium.ttf
IBMPlexSansArabic-Regular,../fonts/IBMPlexSansArabic-Regular.ttf
IBMPlexSansArabic-SemiBold,../fonts/IBMPlexSansArabic-SemiBold.ttf
IBMPlexSansArabic-Text,../fonts/IBMPlexSansArabic-Text.ttf
IBMPlexSansArabic-Thin,../fonts/IBMPlexSansArabic-Thin.ttf
IBMPlexSansCondensed-Bold,../fonts/IBMPlexSansCondensed-Bold.ttf
IBMPlexSansCondensed-BoldItalic,../fonts/IBMPlexSansCondensed-BoldItalic.ttf
IBMPlexSansCondensed-ExtraLight,../fonts/IBMPlexSansCondensed-ExtraLight.ttf
IBMPlexSansCondensed-ExtraLightItalic,../fonts/IBMPlexSansCondensed-ExtraLightItalic.ttf
IBMPlexSansCondensed-Italic,../fonts/IBMPlexSansCondensed-Italic.ttf
IBMPlexSansCondensed-Light,../fonts/IBMPlexSansCondensed-Light.ttf
IBMPlexSansCondensed-LightItalic,../fonts/IBMPlexSansCondensed-LightItalic.ttf
IBMPlexSansCondensed-Medium,../fonts/IBMPlexSansCondensed-Medium.ttf
IBMPlexSansCondensed-MediumItalic,../fonts/IBMPlexSansCondensed-MediumItalic.ttf
IBMPlexSansCondensed-Regular,../fonts/IBMPlexSansCondensed-Regular.ttf
IBMPlexSansCondensed-SemiBold,../fonts/IBMPlexSansCondensed-SemiBold.ttf
IBMPlexSansCondensed-SemiBoldItalic,../fonts/IBMPlexSansCondensed-SemiBoldItalic.ttf
IBMPlexSansCondensed-Text,../fonts/IBMPlexSansCondensed-Text.ttf
IBMPlexSansCondensed-TextItalic,../fonts/IBMPlexSansCondensed-TextItalic.ttf
IBMPlexSansCondensed-Thin,../fonts/IBMPlexSansCondensed-Thin.ttf
IBMPlexSansCondensed-ThinItalic,../fonts/IBMPlexSansCondensed-ThinItalic.ttf
IBMPlexSansDevanagari-Bold,../fonts/IBMPlexSansDevanagari-Bold.ttf
IBMPlexSansDevanagari-ExtraLight,../fonts/IBMPlexSansDevanagari-ExtraLight.ttf
IBMPlexSansDevanagari-Light,../fonts/IBMPlexSansDevanagari-Light.ttf
IBMPlexSansDevanagari-Medium,../fonts/IBMPlexSansDevanagari-Medium.ttf
IBMPlexSansDevanagari-Regular,../fonts/IBMPlexSansDevanagari-Regular.ttf
IBMPlexSansDevanagari-SemiBold,../fonts/IBMPlexSansDevanagari-SemiBold.ttf
IBMPlexSansDevanagari-Text,../fonts/IBMPlexSansDevanagari-Text.ttf
IBMPlexSansDevanagari-Thin,../fonts/IBMPlexSansDevanagari-Thin.ttf
IBMPlexSansHebrew-Bold,../fonts/IBMPlexSansHebrew-Bold.ttf
IBMPlexSansHebrew-ExtraLight,../fonts/IBMPlexSansHebrew-ExtraLight.ttf
IBMPlexSansHebrew-Light,../fonts/IBMPlexSansHebrew-Light.ttf
IBMPlexSansHebrew-Medium,../fonts/IBMPlexSansHebrew-Medium.ttf
IBMPlexSansHebrew-Regular,../fonts/IBMPlexSansHebrew-Regular.ttf
IBMPlexSansHebrew-SemiBold,../fonts/IBMPlexSansHebrew-SemiBold.ttf
IBMPlexSansHebrew-Text,../fonts/IBMPlexSansHebrew-Text.ttf
IBMPlexSansHebrew-Thin,../fonts/IBMPlexSansHebrew-Thin.ttf
IBMPlexSansJP-Bold,../fonts/IBMPlexSansJP-Bold.ttf
IBMPlexSansJP-ExtraLight,../fonts/IBMPlexSansJP-ExtraLight.ttf
IBMPlexSansJP-Light,../fonts/IBMPlexSansJP-Light.ttf
IBMPlexSansJP-Medium,../fonts/IBMPlexSansJP-Medium.ttf
IBMPlexSansJP-Regular,../fonts/IBMPlexSansJP-Regular.ttf
IBMPlexSansJP-SemiBold,../fonts/IBMPlexSansJP-SemiBold.ttf
IBMPlexSansJP-Text,../fonts/IBMPlexSansJP-Text.ttf
IBMPlexSansJP-Thin,../fonts/IBMPlexSansJP-Thin.ttf
IBMPlexSansKR-Bold,../fonts/IBMPlexSansKR-Bold.ttf
IBMPlexSansKR-ExtraLight,../fonts/IBMPlexSansKR-ExtraLight.ttf
IBMPlexSansKR-Light,../fonts/IBMPlexSansKR-Light.ttf
IBMPlexSansKR-Medium,../fonts/IBMPlexSansKR-Medium.ttf
IBMPlexSansKR-Regular,../fonts/IBMPlexSansKR-Regular.ttf
IBMPlexSansKR-SemiBold,../fonts/IBMPlexSansKR-SemiBold.ttf
IBMPlexSansKR-Text,../fonts/IBMPlexSansKR-Text.ttf
IBMPlexSansKR-Thin,../fonts/IBMPlexSansKR-Thin.ttf
IBMPlexSansSC-Bold,../fonts/IBMPlexSansSC-Bold.ttf
IBMPlexSansSC-ExtraLight,../fonts/IBMPlexSansSC-ExtraLight.ttf
IBMPlexSansSC-Light,../fonts/IBMPlexSansSC-Light.ttf
IBMPlexSansSC-Medium,../fonts/IBMPlexSansSC-Medium.ttf
IBMPlexSansSC-Regular,../fonts/IBMPlexSansSC-Regular.ttf
IBMPlexSansSC-SemiBold,../fonts/IBMPlexSansSC-SemiBold.ttf
IBMPlexSansSC-Text,../fonts/IBMPlexSansSC-Text.ttf
IBMPlexSansSC-Thin,../fonts/IBMPlexSansSC-Thin.ttf
IBMPlexSansTC-Bold,../fonts/IBMPlexSansTC-Bold.ttf
IBMPlexSansTC-ExtraLight,../fonts/IBMPlexSansTC-ExtraLight.ttf
IBMPlexSansTC-Light,../fonts/IBMPlexSansTC-Light.ttf
IBMPlexSansTC-Medium,../fonts/IBMPlexSansTC-Medium.ttf
IBMPlexSansTC-Regular,../fonts/IBMPlexSansTC-Regular.ttf
IBMPlexSansTC-SemiBold,../fonts/IBMPlexSansTC-SemiBold.ttf
IBMPlexSansTC-Text,../fonts/IBMPlexSansTC-Text.ttf
IBMPlexSansTC-Thin,../fonts/IBMPlexSansTC-Thin.ttf
IBMPlexSansThai-Bold,../fonts/IBMPlexSansThai-Bold.ttf
IBMPlexSansThai-ExtraLight,../fonts/IBMPlexSansThai-ExtraLight.ttf
IBMPlexSansThai-Light,../fonts/IBMPlexSansThai-Light.ttf
IBMPlexSansThai-Medium,../fonts/IBMPlexSansThai-Medium.ttf
IBMPlexSansThai-Regular,../fonts/IBMPlexSansThai-Regular.ttf
IBMPlexSansThai-SemiBold,../fonts/IBMPlexSansThai-SemiBold.ttf
IBMPlexSansThai-Text,../fonts/IBMPlexSansThai-Text.ttf
IBMPlexSansThai-Thin,../fonts/IBMPlexSansThai-Thin.ttf
IBMPlexSansThaiLooped-Bold,../fonts/IBMPlexSansThaiLooped-Bold.ttf
IBMPlexSansThaiLooped-ExtraLight,../fonts/IBMPlexSansThaiLooped-ExtraLight.ttf
IBMPlexSansThaiLooped-Light,../fonts/IBMPlexSansThaiLooped-Light.ttf
IBMPlexSansThaiLooped-Medium,../fonts/IBMPlexSansThaiLooped-Medium.ttf
IBMPlexSansThaiLooped-Regular,../fonts/IBMPlexSansThaiLooped-Regular.ttf
IBMPlexSansThaiLooped-SemiBold,../fonts/IBMPlexSansThaiLooped-SemiBold.ttf
IBMPlexSansThaiLooped-Text,../fonts/IBMPlexSansThaiLooped-Text.ttf
IBMPlexSansThaiLooped-Thin,../fonts/IBMPlexSansThaiLooped-Thin.ttf
,
JetBrainsMono-Bold,../fonts/JetBrainsMono-Bold.woff2
JetBrainsMono-BoldItalic,../fonts/JetBrainsMono-BoldItalic.woff2
JetBrainsMono-ExtraBold,../fonts/JetBrainsMono-ExtraBold.woff2
JetBrainsMono-ExtraBoldItalic,../fonts/JetBrainsMono-ExtraBoldItalic.woff2
JetBrainsMono-ExtraLight,../fonts/JetBrainsMono-ExtraLight.woff2
JetBrainsMono-ExtraLightItalic,../fonts/JetBrainsMono-ExtraLightItalic.woff2
JetBrainsMono-Italic,../fonts/JetBrainsMono-Italic.woff2
JetBrainsMono-Light,../fonts/JetBrainsMono-Light.woff2
JetBrainsMono-LightItalic,../fonts/JetBrainsMono-LightItalic.woff2
JetBrainsMono-Medium,../fonts/JetBrainsMono-Medium.woff2
JetBrainsMono-MediumItalic,../fonts/JetBrainsMono-MediumItalic.woff2
JetBrainsMono-Regular,../fonts/JetBrainsMono-Regular.woff2
JetBrainsMono-SemiBold,../fonts/JetBrainsMono-SemiBold.woff2
JetBrainsMono-SemiBoldItalic,../fonts/JetBrainsMono-SemiBoldItalic.woff2
JetBrainsMono-Thin,../fonts/JetBrainsMono-Thin.woff2
JetBrainsMono-ThinItalic,../fonts/JetBrainsMono-ThinItalic.woff2
,
Montserrat-Black,../fonts/Montserrat-Black.woff
,../fonts/Montserrat-Black.woff2
Montserrat-BlackItalic,../fonts/Montserrat-BlackItalic.woff
,../fonts/Montserrat-BlackItalic.woff2
Montserrat-Bold,../fonts/Montserrat-Bold.woff
,../fonts/Montserrat-Bold.woff2
Montserrat-BoldItalic,../fonts/Montserrat-BoldItalic.woff
,../fonts/Montserrat-BoldItalic.woff2
Montserrat-ExtraBold,../fonts/Montserrat-ExtraBold.woff
,../fonts/Montserrat-ExtraBold.woff2
Montserrat-ExtraBoldItalic,../fonts/Montserrat-ExtraBoldItalic.woff
,../fonts/Montserrat-ExtraBoldItalic.woff2
Montserrat-ExtraLight,../fonts/Montserrat-ExtraLight.woff
,../fonts/Montserrat-ExtraLight.woff2
Montserrat-ExtraLightItalic,../fonts/Montserrat-ExtraLightItalic.woff
,../fonts/Montserrat-ExtraLightItalic.woff2
Montserrat-Italic,../fonts/Montserrat-Italic.woff
,../fonts/Montserrat-Italic.woff2
Montserrat-Light,../fonts/Montserrat-Light.woff
,../fonts/Montserrat-Light.woff2
Montserrat-LightItalic,../fonts/Montserrat-LightItalic.woff
,../fonts/Montserrat-LightItalic.woff2
Montserrat-Medium,../fonts/Montserrat-Medium.woff
,../fonts/Montserrat-Medium.woff2
Montserrat-MediumItalic,../fonts/Montserrat-MediumItalic.woff
,../fonts/Montserrat-MediumItalic.woff2
Montserrat-Regular,../fonts/Montserrat-Regular.woff
,../fonts/Montserrat-Regular.woff2
Montserrat-SemiBold,../fonts/Montserrat-SemiBold.woff
,../fonts/Montserrat-SemiBold.woff2
Montserrat-SemiBoldItalic,../fonts/Montserrat-SemiBoldItalic.woff
,../fonts/Montserrat-SemiBoldItalic.woff2
Montserrat-Thin,../fonts/Montserrat-Thin.woff
,../fonts/Montserrat-Thin.woff2
Montserrat-ThinItalic,../fonts/Montserrat-ThinItalic.woff
,../fonts/Montserrat-ThinItalic.woff2
MontserratAlternates-Black,../fonts/MontserratAlternates-Black.woff
,../fonts/MontserratAlternates-Black.woff2
MontserratAlternates-BlackItalic,../fonts/MontserratAlternates-BlackItalic.woff
,../fonts/MontserratAlternates-BlackItalic.woff2
MontserratAlternates-Bold,../fonts/MontserratAlternates-Bold.woff
,../fonts/MontserratAlternates-Bold.woff2
MontserratAlternates-BoldItalic,../fonts/MontserratAlternates-BoldItalic.woff
,../fonts/MontserratAlternates-BoldItalic.woff2
MontserratAlternates-ExtraBold,../fonts/MontserratAlternates-ExtraBold.woff
,../fonts/MontserratAlternates-ExtraBold.woff2
MontserratAlternates-ExtraBoldItalic,../fonts/MontserratAlternates-ExtraBoldItalic.woff
,../fonts/MontserratAlternates-ExtraBoldItalic.woff2
MontserratAlternates-ExtraLight,../fonts/MontserratAlternates-ExtraLight.woff
,../fonts/MontserratAlternates-ExtraLight.woff2
MontserratAlternates-ExtraLightItalic,../fonts/MontserratAlternates-ExtraLightItalic.woff
,../fonts/MontserratAlternates-ExtraLightItalic.woff2
MontserratAlternates-Italic,../fonts/MontserratAlternates-Italic.woff
,../fonts/MontserratAlternates-Italic.woff2
MontserratAlternates-Light,../fonts/MontserratAlternates-Light.woff
,../fonts/MontserratAlternates-Light.woff2
MontserratAlternates-LightItalic,../fonts/MontserratAlternates-LightItalic.woff
,../fonts/MontserratAlternates-LightItalic.woff2
MontserratAlternates-Medium,../fonts/MontserratAlternates-Medium.woff
,../fonts/MontserratAlternates-Medium.woff2
MontserratAlternates-MediumItalic,../fonts/MontserratAlternates-MediumItalic.woff
,../fonts/MontserratAlternates-MediumItalic.woff2
MontserratAlternates-Regular,../fonts/MontserratAlternates-Regular.woff
,../fonts/MontserratAlternates-Regular.woff2
MontserratAlternates-SemiBold,../fonts/MontserratAlternates-SemiBold.woff
,../fonts/MontserratAlternates-SemiBold.woff2
MontserratAlternates-SemiBoldItalic,../fonts/MontserratAlternates-SemiBoldItalic.woff
,../fonts/MontserratAlternates-SemiBoldItalic.woff2
MontserratAlternates-Thin,../fonts/MontserratAlternates-Thin.woff
,../fonts/MontserratAlternates-Thin.woff2
MontserratAlternates-ThinItalic,../fonts/MontserratAlternates-ThinItalic.woff
,../fonts/MontserratAlternates-ThinItalic.woff2
,
NotoSans-Black,../fonts/NotoSans-Black.ttf
NotoSans-BlackItalic,../fonts/NotoSans-BlackItalic.ttf
NotoSans-Bold,../fonts/NotoSans-Bold.ttf
NotoSans-BoldItalic,../fonts/NotoSans-BoldItalic.ttf
NotoSans-Condensed,../fonts/NotoSans-Condensed.ttf
NotoSans-CondensedBlack,../fonts/NotoSans-CondensedBlack.ttf
NotoSans-CondensedBlackItalic,../fonts/NotoSans-CondensedBlackItalic.ttf
NotoSans-CondensedBold,../fonts/NotoSans-CondensedBold.ttf
NotoSans-CondensedBoldItalic,../fonts/NotoSans-CondensedBoldItalic.ttf
NotoSans-CondensedExtraBold,../fonts/NotoSans-CondensedExtraBold.ttf
NotoSans-CondensedExtraBoldItalic,../fonts/NotoSans-CondensedExtraBoldItalic.ttf
NotoSans-CondensedExtraLight,../fonts/NotoSans-CondensedExtraLight.ttf
NotoSans-CondensedExtraLightItalic,../fonts/NotoSans-CondensedExtraLightItalic.ttf
NotoSans-CondensedItalic,../fonts/NotoSans-CondensedItalic.ttf
NotoSans-CondensedLight,../fonts/NotoSans-CondensedLight.ttf
NotoSans-CondensedLightItalic,../fonts/NotoSans-CondensedLightItalic.ttf
NotoSans-CondensedMedium,../fonts/NotoSans-CondensedMedium.ttf
NotoSans-CondensedMediumItalic,../fonts/NotoSans-CondensedMediumItalic.ttf
NotoSans-CondensedSemiBold,../fonts/NotoSans-CondensedSemiBold.ttf
NotoSans-CondensedSemiBoldItalic,../fonts/NotoSans-CondensedSemiBoldItalic.ttf
NotoSans-CondensedThin,../fonts/NotoSans-CondensedThin.ttf
NotoSans-CondensedThinItalic,../fonts/NotoSans-CondensedThinItalic.ttf
NotoSans-ExtraBold,../fonts/NotoSans-ExtraBold.ttf
NotoSans-ExtraBoldItalic,../fonts/NotoSans-ExtraBoldItalic.ttf
NotoSans-ExtraCondensed,../fonts/NotoSans-ExtraCondensed.ttf
NotoSans-ExtraCondensedBlack,../fonts/NotoSans-ExtraCondensedBlack.ttf
NotoSans-ExtraCondensedBlackItalic,../fonts/NotoSans-ExtraCondensedBlackItalic.ttf
NotoSans-ExtraCondensedBold,../fonts/NotoSans-ExtraCondensedBold.ttf
NotoSans-ExtraCondensedBoldItalic,../fonts/NotoSans-ExtraCondensedBoldItalic.ttf
NotoSans-ExtraCondensedExtraBold,../fonts/NotoSans-ExtraCondensedExtraBold.ttf
NotoSans-ExtraCondensedExtraBoldItalic,../fonts/NotoSans-ExtraCondensedExtraBoldItalic.ttf
NotoSans-ExtraCondensedExtraLight,../fonts/NotoSans-ExtraCondensedExtraLight.ttf
NotoSans-ExtraCondensedExtraLightItalic,../fonts/NotoSans-ExtraCondensedExtraLightItalic.ttf
NotoSans-ExtraCondensedItalic,../fonts/NotoSans-ExtraCondensedItalic.ttf
NotoSans-ExtraCondensedLight,../fonts/NotoSans-ExtraCondensedLight.ttf
NotoSans-ExtraCondensedLightItalic,../fonts/NotoSans-ExtraCondensedLightItalic.ttf
NotoSans-ExtraCondensedMedium,../fonts/NotoSans-ExtraCondensedMedium.ttf
NotoSans-ExtraCondensedMediumItalic,../fonts/NotoSans-ExtraCondensedMediumItalic.ttf
NotoSans-ExtraCondensedSemiBold,../fonts/NotoSans-ExtraCondensedSemiBold.ttf
NotoSans-ExtraCondensedSemiBoldItalic,../fonts/NotoSans-ExtraCondensedSemiBoldItalic.ttf
NotoSans-ExtraCondensedThin,../fonts/NotoSans-ExtraCondensedThin.ttf
NotoSans-ExtraCondensedThinItalic,../fonts/NotoSans-ExtraCondensedThinItalic.ttf
NotoSans-ExtraLight,../fonts/NotoSans-ExtraLight.ttf
NotoSans-ExtraLightItalic,../fonts/NotoSans-ExtraLightItalic.ttf
NotoSans-Italic,../fonts/NotoSans-Italic.ttf
NotoSans-Light,../fonts/NotoSans-Light.ttf
NotoSans-LightItalic,../fonts/NotoSans-LightItalic.ttf
NotoSans-Medium,../fonts/NotoSans-Medium.ttf
NotoSans-MediumItalic,../fonts/NotoSans-MediumItalic.ttf
NotoSans-Regular,../fonts/NotoSans-Regular.ttf
NotoSans-SemiBold,../fonts/NotoSans-SemiBold.ttf
NotoSans-SemiBoldItalic,../fonts/NotoSans-SemiBoldItalic.ttf
NotoSans-SemiCondensed,../fonts/NotoSans-SemiCondensed.ttf
NotoSans-SemiCondensedBlack,../fonts/NotoSans-SemiCondensedBlack.ttf
NotoSans-SemiCondensedBlackItalic,../fonts/NotoSans-SemiCondensedBlackItalic.ttf
NotoSans-SemiCondensedBold,../fonts/NotoSans-SemiCondensedBold.ttf
NotoSans-SemiCondensedBoldItalic,../fonts/NotoSans-SemiCondensedBoldItalic.ttf
NotoSans-SemiCondensedExtraBold,../fonts/NotoSans-SemiCondensedExtraBold.ttf
NotoSans-SemiCondensedExtraBoldItalic,../fonts/NotoSans-SemiCondensedExtraBoldItalic.ttf
NotoSans-SemiCondensedExtraLight,../fonts/NotoSans-SemiCondensedExtraLight.ttf
NotoSans-SemiCondensedExtraLightItalic,../fonts/NotoSans-SemiCondensedExtraLightItalic.ttf
NotoSans-SemiCondensedItalic,../fonts/NotoSans-SemiCondensedItalic.ttf
NotoSans-SemiCondensedLight,../fonts/NotoSans-SemiCondensedLight.ttf
NotoSans-SemiCondensedLightItalic,../fonts/NotoSans-SemiCondensedLightItalic.ttf
NotoSans-SemiCondensedMedium,../fonts/NotoSans-SemiCondensedMedium.ttf
NotoSans-SemiCondensedMediumItalic,../fonts/NotoSans-SemiCondensedMediumItalic.ttf
NotoSans-SemiCondensedSemiBold,../fonts/NotoSans-SemiCondensedSemiBold.ttf
NotoSans-SemiCondensedSemiBoldItalic,../fonts/NotoSans-SemiCondensedSemiBoldItalic.ttf
NotoSans-SemiCondensedThin,../fonts/NotoSans-SemiCondensedThin.ttf
NotoSans-SemiCondensedThinItalic,../fonts/NotoSans-SemiCondensedThinItalic.ttf
NotoSans-Thin,../fonts/NotoSans-Thin.ttf
NotoSans-ThinItalic,../fonts/NotoSans-ThinItalic.ttf
NotoSansAdlam-Bold,../fonts/NotoSansAdlam-Bold.ttf
NotoSansAdlam-Regular,../fonts/NotoSansAdlam-Regular.ttf
NotoSansAdlamUnjoined-Bold,../fonts/NotoSansAdlamUnjoined-Bold.ttf
NotoSansAdlamUnjoined-Regular,../fonts/NotoSansAdlamUnjoined-Regular.ttf
NotoSansAnatolianHieroglyphs-Regular,../fonts/NotoSansAnatolianHieroglyphs-Regular.ttf
NotoSansArabic-Black,../fonts/NotoSansArabic-Black.ttf
NotoSansArabic-Bold,../fonts/NotoSansArabic-Bold.ttf
NotoSansArabic-Condensed,../fonts/NotoSansArabic-Condensed.ttf
NotoSansArabic-CondensedBlack,../fonts/NotoSansArabic-CondensedBlack.ttf
NotoSansArabic-CondensedBold,../fonts/NotoSansArabic-CondensedBold.ttf
